name,symbol,exchange,country,sector
Reliance Industries,RELIANCE.BO,BSE,India,Energy
Tata Consultancy Services,TCS.BO,BSE,India,Information Technology
HDFC Bank,HDFCBANK.BO,BSE,India,Financial Services
Infosys,INFY.BO,BSE,India,Information Technology
ICICI Bank,ICICIBANK.BO,BSE,India,Financial Services
State Bank of India,SBIN.BO,BSE,India,Financial Services
ITC,ITC.BO,BSE,India,Consumer Goods
Larsen & Toubro,LT.BO,BSE,India,Construction
Axis Bank,AXISBANK.BO,BSE,India,Financial Services
Maruti Suzuki,MARUTI.BO,BSE,India,Automobile
Wipro,WIPRO.BO,BSE,India,Information Technology
Titan Company,TITAN.BO,BSE,India,Consumer Goods
Tata Motors,TATAMOTORS.BO,BSE,India,Automobile
Tata Steel,TATASTEEL.BO,BSE,India,Metals
Bajaj Finance,BAJFINANCE.BO,BSE,India,Financial Services
