available_at,Open,High,Low,Close,Volume
2025-10-23 15:30:00+05:30,11.3,12.05,10.74,11.73,0.0
2025-10-24 15:30:00+05:30,11.73,11.94,11.44,11.59,0.0
2025-10-27 15:30:00+05:30,11.59,12.73,11.28,11.86,0.0
2025-10-28 15:30:00+05:30,11.86,12.63,10.71,11.95,0.0
2025-10-29 15:30:00+05:30,11.95,12.1,11.23,11.97,0.0
2025-10-30 15:30:00+05:30,11.97,12.27,11.71,12.07,0.0
2025-10-31 15:30:00+05:30,12.07,12.29,11.77,12.15,0.0
2025-11-03 15:30:00+05:30,12.15,12.94,11.79,12.66,0.0
2025-11-04 15:30:00+05:30,12.66,12.94,10.98,12.65,0.0
2025-11-06 15:30:00+05:30,12.65,12.87,12.06,12.41,0.0
2025-11-07 15:30:00+05:30,12.41,12.67,11.96,12.56,0.0
2025-11-10 15:30:00+05:30,12.56,12.93,11.4,12.3,0.0
2025-11-11 15:30:00+05:30,12.3,13.01,11.99,12.49,0.0
2025-11-12 15:30:00+05:30,12.49,12.71,11.44,12.11,0.0
2025-11-13 15:30:00+05:30,12.11,12.27,11.23,12.16,0.0
2025-11-14 15:30:00+05:30,12.16,12.45,11.8,11.94,0.0
2025-11-17 15:30:00+05:30,11.94,12.28,10.89,11.79,0.0
2025-11-18 15:30:00+05:30,11.79,12.29,10.94,12.1,0.0
2025-11-19 15:30:00+05:30,12.1,12.38,10.77,11.97,0.0
2025-11-20 15:30:00+05:30,11.97,12.38,11.05,12.13,0.0
2025-11-21 15:30:00+05:30,12.13,13.85,12.13,13.63,0.0
2025-11-24 15:30:00+05:30,13.63,13.63,11.94,13.23,0.0
2025-11-25 15:30:00+05:30,13.23,13.23,10.86,12.24,0.0
2025-11-26 15:30:00+05:30,12.24,12.57,11.59,11.97,0.0
2025-11-27 15:30:00+05:30,11.97,12.24,11.51,11.79,0.0
2025-11-28 15:30:00+05:30,11.79,11.79,10.82,11.62,0.0
2025-12-01 15:30:00+05:30,11.62,12.01,10.9,11.63,0.0
2025-12-02 15:30:00+05:30,11.63,11.94,11.03,11.23,0.0
2025-12-03 15:30:00+05:30,11.23,11.37,10.91,11.21,0.0
2025-12-04 15:30:00+05:30,11.21,11.27,10.58,10.82,0.0
2025-12-05 15:30:00+05:30,10.82,10.87,10.16,10.31,0.0
2025-12-08 15:30:00+05:30,10.31,11.61,10.13,11.13,0.0
2025-12-09 15:30:00+05:30,11.13,11.88,10.46,10.95,0.0
2025-12-10 15:30:00+05:30,10.95,11.42,10.49,10.91,0.0
2025-12-11 15:30:00+05:30,10.91,11.19,10.32,10.4,0.0
2025-12-12 15:30:00+05:30,10.4,10.4,9.96,10.11,0.0
2025-12-15 15:30:00+05:30,10.11,10.84,10.05,10.25,0.0
2025-12-16 15:30:00+05:30,10.25,10.43,9.66,10.06,0.0
2025-12-17 15:30:00+05:30,10.06,10.18,9.48,9.84,0.0
2025-12-18 15:30:00+05:30,9.84,9.95,9.61,9.71,0.0
2025-12-19 15:30:00+05:30,9.71,10.31,9.44,9.52,0.0
2025-12-22 15:30:00+05:30,9.52,9.9,8.86,9.68,0.0
2025-12-23 15:30:00+05:30,9.68,9.79,9.32,9.38,0.0
2025-12-24 15:30:00+05:30,9.38,9.68,8.88,9.19,0.0
2025-12-26 15:30:00+05:30,9.19,9.39,9.02,9.15,0.0
2025-12-29 15:30:00+05:30,9.15,9.77,9.05,9.72,0.0
2025-12-30 15:30:00+05:30,9.72,9.99,9.59,9.68,0.0
2025-12-31 15:30:00+05:30,9.68,9.73,9.31,9.47,0.0
2026-01-01 15:30:00+05:30,9.47,9.47,8.72,9.19,0.0
2026-01-02 15:30:00+05:30,9.19,9.55,8.97,9.45,0.0
2026-01-05 15:30:00+05:30,9.45,10.21,9.29,10.02,0.0
2026-01-06 15:30:00+05:30,10.02,10.29,9.65,10.02,0.0
2026-01-07 15:30:00+05:30,10.02,10.24,9.74,9.95,0.0
2026-01-08 15:30:00+05:30,9.95,10.99,9.47,10.6,0.0
2026-01-09 15:30:00+05:30,10.6,11.04,10.22,10.93,0.0
2026-01-12 15:30:00+05:30,10.93,11.95,10.52,11.37,0.0
2026-01-13 15:30:00+05:30,11.37,11.68,10.64,11.2,0.0
2026-01-14 15:30:00+05:30,11.2,11.47,11.01,11.32,0.0
2026-01-16 15:30:00+05:30,11.32,11.57,10.88,11.37,0.0
2026-01-19 15:30:00+05:30,11.37,12.13,10.39,11.83,0.0
2026-01-20 15:30:00+05:30,11.83,12.9,10.99,12.73,0.0
2026-01-21 15:30:00+05:30,12.73,14.43,12.43,13.78,0.0
2026-01-22 15:30:00+05:30,13.78,14.33,12.91,13.35,0.0
2026-01-23 15:30:00+05:30,13.35,14.43,12.28,14.19,0.0
2026-01-27 15:30:00+05:30,14.19,16.06,13.92,14.45,0.0
2026-01-28 15:30:00+05:30,14.45,14.51,13.44,13.53,0.0
2026-01-29 15:30:00+05:30,13.53,14.19,13.07,13.37,0.0
2026-01-30 15:30:00+05:30,13.37,14.23,12.88,13.63,0.0
2026-02-01 15:30:00+05:30,13.63,16.11,13.35,15.1,0.0
2026-02-02 15:30:00+05:30,15.1,15.55,13.58,13.87,0.0
2026-02-03 15:30:00+05:30,13.87,15.46,11.85,12.89,0.0
2026-02-04 15:30:00+05:30,12.89,13.14,12.06,12.25,0.0
2026-02-05 15:30:00+05:30,12.25,12.54,10.94,12.17,0.0
2026-02-06 15:30:00+05:30,12.17,12.35,11.16,11.94,0.0
2026-02-09 15:30:00+05:30,11.94,12.28,10.67,12.19,0.0
2026-02-10 15:30:00+05:30,12.19,12.19,10.36,11.66,0.0
2026-02-11 15:30:00+05:30,11.66,11.71,10.56,11.55,0.0
2026-02-12 15:30:00+05:30,11.55,12.11,10.85,11.72,0.0
2026-02-13 15:30:00+05:30,11.72,13.58,10.96,13.29,0.0
2026-02-16 15:30:00+05:30,13.29,13.83,13.23,13.33,0.0
2026-02-17 15:30:00+05:30,13.33,13.48,11.63,12.67,0.0
2026-02-18 15:30:00+05:30,12.67,12.77,11.35,12.22,0.0
2026-02-19 15:30:00+05:30,12.22,13.68,9.73,13.46,0.0
2026-02-20 15:30:00+05:30,13.46,14.78,13.1,14.36,0.0
2026-02-23 15:30:00+05:30,14.36,14.48,12.77,14.17,0.0
2026-02-24 15:30:00+05:30,14.17,14.95,12.35,14.15,0.0
2026-02-25 15:30:00+05:30,14.15,14.15,12.84,13.49,0.0
2026-02-26 15:30:00+05:30,13.49,13.61,11.81,13.06,0.0
2026-02-27 15:30:00+05:30,13.06,14.04,11.2,13.7,0.0
2026-03-02 15:30:00+05:30,13.7,17.81,12.82,17.13,0.0
2026-03-04 15:30:00+05:30,17.13,21.37,16.97,21.14,0.0
2026-03-05 15:30:00+05:30,21.14,21.14,17.3,17.86,0.0
2026-03-06 15:30:00+05:30,17.86,20.14,17.2,19.88,0.0
2026-03-09 15:30:00+05:30,19.88,24.49,19.22,23.36,0.0
2026-03-10 15:30:00+05:30,23.36,23.36,18.78,18.91,0.0
2026-03-11 15:30:00+05:30,18.91,21.39,17.24,21.06,0.0
2026-03-12 15:30:00+05:30,21.06,22.36,20.82,21.52,0.0
2026-03-13 15:30:00+05:30,21.52,22.88,21.25,22.64,0.0
2026-03-16 15:30:00+05:30,22.64,22.88,19.82,21.6,0.0
2026-03-17 15:30:00+05:30,21.6,21.6,19.63,19.79,0.0
2026-03-18 15:30:00+05:30,19.79,19.79,18.59,18.72,0.0
2026-03-19 15:30:00+05:30,18.72,23.2,18.72,22.8,0.0
2026-03-20 15:30:00+05:30,22.8,23.14,21.68,22.81,0.0
2026-03-23 15:30:00+05:30,22.81,27.17,22.81,26.73,0.0
2026-03-24 15:30:00+05:30,26.73,26.73,24.63,24.74,0.0
2026-03-25 15:30:00+05:30,24.74,25.23,24.14,24.64,0.0
2026-03-27 15:30:00+05:30,24.64,27.09,23.39,26.8,0.0
2026-03-30 15:30:00+05:30,26.8,28.91,26.8,27.89,0.0
2026-04-01 15:30:00+05:30,27.89,27.89,23.65,25.01,0.0
2026-04-02 15:30:00+05:30,25.01,26.6,25.01,25.52,0.0
2026-04-06 15:30:00+05:30,25.52,26.56,25.08,25.47,0.0
2026-04-07 15:30:00+05:30,25.47,26.26,24.55,24.7,0.0
2026-04-08 15:30:00+05:30,24.7,24.7,19.31,19.7,0.0
2026-04-09 15:30:00+05:30,19.7,20.94,19.17,20.43,0.0
2026-04-10 15:30:00+05:30,20.43,20.43,18.37,18.85,0.0
2026-04-13 15:30:00+05:30,18.85,21.51,18.18,20.5,0.0
2026-04-15 15:30:00+05:30,20.5,20.5,17.34,18.67,0.0
2026-04-16 15:30:00+05:30,18.67,18.67,16.83,18.09,0.0
2026-04-17 15:30:00+05:30,18.09,18.47,16.59,17.21,0.0
2026-04-20 15:30:00+05:30,17.21,19.01,16.48,18.79,0.0
2026-04-21 15:30:00+05:30,18.79,18.79,17.45,17.53,0.0
2026-04-22 15:30:00+05:30,17.53,18.73,17.25,18.3,0.0
2026-04-23 15:30:00+05:30,18.3,19.12,17.49,18.59,0.0
2026-04-24 15:30:00+05:30,18.59,19.9,18.06,19.71,0.0
2026-04-27 15:30:00+05:30,19.71,19.71,18.27,18.38,0.0
2026-04-28 15:30:00+05:30,18.38,18.41,17.27,18.05,0.0
2026-04-29 15:30:00+05:30,18.05,18.05,16.75,17.44,0.0
2026-04-30 15:30:00+05:30,17.44,19.48,17.19,18.46,0.0
2026-05-04 15:30:00+05:30,18.46,18.88,16.75,18.3,0.0
2026-05-05 15:30:00+05:30,18.3,18.84,17.71,17.91,0.0
2026-05-06 15:30:00+05:30,17.91,18.08,16.58,16.68,0.0
2026-05-07 15:30:00+05:30,16.68,17.2,15.17,16.62,0.0
2026-05-08 15:30:00+05:30,16.62,17.43,16.16,16.84,0.0
2026-05-11 15:30:00+05:30,16.84,18.97,16.84,18.55,0.0
2026-05-12 15:30:00+05:30,18.55,19.46,17.63,19.28,0.0
2026-05-13 15:30:00+05:30,19.28,20.13,18.36,19.43,0.0
2026-05-14 15:30:00+05:30,19.43,19.43,18.39,18.61,0.0
2026-05-15 15:30:00+05:30,18.61,19.01,17.42,18.79,0.0
2026-05-18 15:30:00+05:30,18.79,20.06,17.72,19.63,0.0
2026-05-19 15:30:00+05:30,19.63,19.63,18.27,18.68,0.0
2026-05-20 15:30:00+05:30,18.68,19.46,18.06,18.44,0.0
2026-05-21 15:30:00+05:30,18.44,18.44,17.43,17.82,0.0
2026-05-22 15:30:00+05:30,17.82,19.03,16.47,17.91,0.0
2026-05-25 15:30:00+05:30,17.91,17.91,16.39,16.7,0.0
2026-05-26 15:30:00+05:30,16.7,16.96,15.36,16.13,0.0
2026-05-27 15:30:00+05:30,16.13,16.33,14.7,14.98,0.0
2026-05-29 15:30:00+05:30,14.98,16.55,14.59,16.19,0.0
2026-06-01 15:30:00+05:30,16.19,16.92,13.91,16.54,0.0
2026-06-02 15:30:00+05:30,16.54,16.54,15.12,15.36,0.0
2026-06-03 15:30:00+05:30,15.36,16.98,14.85,16.28,0.0
2026-06-04 15:30:00+05:30,16.28,16.41,15.53,15.89,0.0
2026-06-05 15:30:00+05:30,15.89,16.37,13.46,15.79,0.0
2026-06-08 15:30:00+05:30,15.79,18.44,15.79,17.03,0.0
2026-06-09 15:30:00+05:30,17.03,17.03,15.52,15.58,0.0
2026-06-10 15:30:00+05:30,15.58,15.85,14.9,15.63,0.0
2026-06-11 15:30:00+05:30,15.63,15.95,15.12,15.61,0.0
2026-06-12 15:30:00+05:30,15.61,15.61,14.4,14.72,0.0
2026-06-15 15:30:00+05:30,14.72,14.72,13.56,14.35,0.0
2026-06-16 15:30:00+05:30,14.35,14.35,13.01,13.36,0.0
2026-06-17 15:30:00+05:30,13.36,13.53,12.35,13.19,0.0
2026-06-18 15:30:00+05:30,13.19,13.23,11.99,12.67,0.0
2026-06-19 15:30:00+05:30,12.67,13.64,12.07,12.97,0.0
2026-06-22 15:30:00+05:30,12.97,13.51,12.65,12.84,0.0
2026-06-23 15:30:00+05:30,12.84,14.24,12.43,13.94,0.0
2026-06-24 15:30:00+05:30,13.94,14.3,13.3,13.39,0.0
2026-06-25 15:30:00+05:30,13.39,13.39,12.43,13.05,0.0
2026-06-29 15:30:00+05:30,13.05,14.07,12.92,13.61,0.0
2026-06-30 15:30:00+05:30,13.61,13.97,13.15,13.6,0.0
2026-07-01 15:30:00+05:30,13.6,14.07,13.15,13.24,0.0
2026-07-02 15:30:00+05:30,13.24,13.29,12.19,12.29,0.0
2026-07-03 15:30:00+05:30,12.29,12.29,11.65,11.8,0.0
2026-07-06 15:30:00+05:30,11.8,12.36,11.7,11.82,0.0
2026-07-07 15:30:00+05:30,11.82,11.94,11.06,11.65,0.0
2026-07-08 15:30:00+05:30,11.65,15.16,11.34,14.68,0.0
2026-07-09 15:30:00+05:30,14.68,14.68,13.07,13.36,0.0
2026-07-10 15:30:00+05:30,13.36,13.36,12.13,12.25,0.0
2026-07-13 15:30:00+05:30,12.25,13.52,9.48,13.28,0.0
2026-07-14 15:30:00+05:30,13.28,13.87,11.66,13.75,0.0
2026-07-15 15:30:00+05:30,13.75,13.87,13.04,13.27,0.0
2026-07-16 15:30:00+05:30,13.27,13.27,12.78,12.88,0.0
2026-07-17 15:30:00+05:30,12.88,13.35,12.81,13.15,0.0
2026-07-20 15:30:00+05:30,13.15,13.84,12.89,12.98,0.0
2026-07-21 15:30:00+05:30,12.98,13.08,12.1,12.6,0.0
2026-07-22 15:30:00+05:30,12.6,13.43,11.73,13.29,0.0
2026-07-23 15:30:00+05:30,13.29,13.74,12.92,13.48,0.0
2026-07-24 15:30:00+05:30,13.48,14.77,13.18,14.03,0.0
2026-07-27 15:30:00+05:30,14.03,14.33,12.6,12.66,0.0
2026-07-28 15:30:00+05:30,12.66,12.82,11.72,12.56,0.0
2026-07-29 15:30:00+05:30,12.56,12.56,11.56,12.01,0.0
2026-07-30 15:30:00+05:30,12.01,12.32,11.3,12.16,0.0
2026-07-31 15:30:00+05:30,12.16,12.21,11.65,11.76,0.0
2026-08-03 15:30:00+05:30,11.76,12.06,11.7,11.93,0.0
2026-08-04 15:30:00+05:30,11.93,12.55,11.43,12.19,0.0
2026-08-05 15:30:00+05:30,12.19,12.67,10.81,12.06,0.0
2026-08-06 15:30:00+05:30,12.06,12.43,10.1,12.16,0.0
2026-08-07 15:30:00+05:30,12.16,12.55,11.3,12.16,0.0
2026-08-10 15:30:00+05:30,12.16,12.92,10.82,12.25,0.0
2026-08-11 15:30:00+05:30,12.25,12.46,11.19,11.86,0.0
2026-08-12 15:30:00+05:30,11.86,12.09,11.26,11.69,0.0
2026-08-13 15:30:00+05:30,11.69,12.2,10.65,11.42,0.0
2026-08-14 15:30:00+05:30,11.42,11.56,10.83,11.31,0.0
2026-08-17 15:30:00+05:30,11.31,11.78,11.09,11.33,0.0
2026-08-18 15:30:00+05:30,11.33,11.79,10.14,11.39,0.0
2026-08-19 15:30:00+05:30,11.39,11.73,10.06,11.32,0.0
2026-08-20 15:30:00+05:30,11.32,11.32,9.33,10.76,0.0
2026-08-21 15:30:00+05:30,10.76,11.35,9.57,11.2,0.0
2026-08-24 15:30:00+05:30,11.2,11.76,10.32,11.53,0.0
2026-08-25 15:30:00+05:30,11.53,11.62,9.45,11.08,0.0
2026-08-26 15:30:00+05:30,11.08,11.08,10.13,10.57,0.0
2026-08-27 15:30:00+05:30,10.57,11.28,10.36,11.07,0.0
2026-08-28 15:30:00+05:30,11.07,11.14,10.53,10.68,0.0
2026-08-31 15:30:00+05:30,10.68,11.44,10.68,11.19,0.0
2026-09-01 15:30:00+05:30,11.19,12.12,9.25,11.49,0.0
2026-09-02 15:30:00+05:30,11.49,12.11,10.55,11.59,0.0
2026-09-03 15:30:00+05:30,11.59,11.59,10.75,11.34,0.0
2026-09-04 15:30:00+05:30,11.34,11.34,10.57,10.68,0.0
2026-09-07 15:30:00+05:30,10.68,11.35,10.28,11.16,0.0
2026-09-08 15:30:00+05:30,11.16,11.4,10.45,11.23,0.0
2026-09-09 15:30:00+05:30,11.23,12.05,10.55,11.92,0.0
2026-09-10 15:30:00+05:30,11.92,11.96,11.53,11.8,0.0
2026-09-11 15:30:00+05:30,11.8,12.57,11.02,12.29,0.0
2026-09-15 15:30:00+05:30,12.29,13.59,11.93,13.43,0.0
2026-09-16 15:30:00+05:30,13.43,13.58,12.87,13.17,0.0
2026-09-17 15:30:00+05:30,13.17,13.17,12.14,12.29,0.0
2026-09-18 15:30:00+05:30,12.29,12.29,11.31,11.39,0.0
2026-09-21 15:30:00+05:30,11.39,11.83,11.18,11.25,0.0
2026-09-22 15:30:00+05:30,11.25,11.41,10.62,11.0,0.0
2026-09-23 15:30:00+05:30,11.0,11.04,10.22,10.35,0.0
2026-09-24 15:30:00+05:30,10.35,13.22,10.35,12.69,0.0
2026-09-25 15:30:00+05:30,12.69,12.84,11.77,12.16,0.0
2026-09-28 15:30:00+05:30,12.16,14.15,12.16,13.64,0.0
2026-09-29 15:30:00+05:30,13.64,14.77,13.21,13.41,0.0
2026-09-30 15:30:00+05:30,13.41,13.86,12.77,13.49,0.0
2026-10-01 15:30:00+05:30,13.49,15.69,13.49,14.46,0.0
2026-10-05 15:30:00+05:30,14.46,15.35,13.5,14.78,0.0
2026-10-06 15:30:00+05:30,14.78,14.78,13.52,13.61,0.0
2026-10-07 15:30:00+05:30,13.61,14.32,13.61,13.89,0.0
2026-10-08 15:30:00+05:30,13.89,15.48,11.97,15.28,0.0
